video,frame,second_index,candidate_count,best_x,best_y,best_area,best_mean_luma,best_mean_contrast,positions,note
DOD_111689090,1,0,1,239.5,314.9,15,190.9,122.5,239.5:314.9:a15:l190.9:c122.5,single compact point candidate
DOD_111689090,2,1,1,239.5,314.8,13,176.2,109.8,239.5:314.8:a13:l176.2:c109.8,single compact point candidate
DOD_111689090,3,2,2,239.7,315.0,13,189.2,123.5,"239.7:315.0:a13:l189.2:c123.5;181.7:508.5:a21:l184.6:c33.0",multiple compact point candidates
DOD_111689090,4,3,2,239.6,314.7,17,192.2,108.0,"239.6:314.7:a17:l192.2:c108.0;338.4:405.6:a23:l155.3:c37.4",multiple compact point candidates
DOD_111689090,5,4,1,239.8,314.8,18,191.4,93.8,239.8:314.8:a18:l191.4:c93.8,single compact point candidate
DOD_111689090,6,5,1,239.9,314.7,22,191.6,89.0,239.9:314.7:a22:l191.6:c89.0,single compact point candidate
DOD_111689090,7,6,1,240.1,314.8,20,193.6,91.4,240.1:314.8:a20:l193.6:c91.4,single compact point candidate
DOD_111689090,8,7,1,239.8,314.8,28,183.3,70.6,239.8:314.8:a28:l183.3:c70.6,single compact point candidate
DOD_111689090,9,8,1,239.7,314.9,27,187.3,73.7,239.7:314.9:a27:l187.3:c73.7,single compact point candidate
DOD_111689090,10,9,2,239.8,315.0,28,185.5,70.6,"239.8:315.0:a28:l185.5:c70.6;362.6:446.0:a11:l202.1:c28.7",multiple compact point candidates
DOD_111689090,11,10,3,239.9,314.8,23,187.7,84.8,"239.9:314.8:a23:l187.7:c84.8;244.0:400.9:a29:l192.4:c33.1;567.1:24.9:a8:l157.1:c76.1",multiple compact point candidates
DOD_111689090,12,11,1,366.4,186.0,89,244.7,41.0,366.4:186.0:a89:l244.7:c41.0,single compact point candidate
DOD_111689090,13,12,1,240.0,314.9,29,189.5,73.1,240.0:314.9:a29:l189.5:c73.1,single compact point candidate
DOD_111689090,14,13,0,,,,,,,no compact neutral bright point candidates
DOD_111689090,15,14,0,,,,,,,no compact neutral bright point candidates
DOD_111689090,16,15,1,240.2,314.8,29,192.3,75.1,240.2:314.8:a29:l192.3:c75.1,single compact point candidate
DOD_111689090,17,16,2,240.1,314.8,28,191.8,79.9,"240.1:314.8:a28:l191.8:c79.9;240.0:321.3:a4:l152.7:c40.3",multiple compact point candidates
DOD_111689090,18,17,1,240.2,314.9,27,191.7,81.1,240.2:314.9:a27:l191.7:c81.1,single compact point candidate
DOD_111689090,19,18,1,240.0,314.9,25,193.4,82.6,240.0:314.9:a25:l193.4:c82.6,single compact point candidate
DOD_111689090,20,19,1,240.1,314.8,26,190.4,79.9,240.1:314.8:a26:l190.4:c79.9,single compact point candidate
DOD_111689090,21,20,1,240.0,315.0,23,193.8,85.6,240.0:315.0:a23:l193.8:c85.6,single compact point candidate
DOD_111689090,22,21,1,240.3,314.9,26,193.1,77.7,240.3:314.9:a26:l193.1:c77.7,single compact point candidate
DOD_111689090,23,22,1,240.1,314.9,24,195.5,85.8,240.1:314.9:a24:l195.5:c85.8,single compact point candidate
DOD_111689090,24,23,1,239.9,314.9,28,190.0,74.2,239.9:314.9:a28:l190.0:c74.2,single compact point candidate
DOD_111689090,25,24,3,239.9,314.9,28,189.4,69.6,"239.9:314.9:a28:l189.4:c69.6;239.8:321.1:a10:l151.2:c30.8;239.4:307.8:a5:l150.2:c34.4",multiple compact point candidates
DOD_111689090,26,25,2,240.0,314.9,29,196.0,71.5,"240.0:314.9:a29:l196.0:c71.5;240.3:321.0:a4:l153.3:c29.3",multiple compact point candidates
DOD_111689090,27,26,1,240.1,314.8,26,190.7,75.5,240.1:314.8:a26:l190.7:c75.5,single compact point candidate
DOD_111689090,28,27,1,240.4,314.8,30,192.7,74.2,240.4:314.8:a30:l192.7:c74.2,single compact point candidate
DOD_111689090,29,28,1,240.2,314.9,27,192.1,75.8,240.2:314.9:a27:l192.1:c75.8,single compact point candidate
DOD_111689090,30,29,0,,,,,,,no compact neutral bright point candidates
DOD_111689090,31,30,2,240.2,314.9,26,184.5,62.8,"240.2:314.9:a26:l184.5:c62.8;240.8:321.3:a4:l152.0:c29.4",multiple compact point candidates
DOD_111689090,32,31,2,240.1,315.0,28,190.0,73.6,"240.1:315.0:a28:l190.0:c73.6;240.3:321.3:a3:l151.0:c34.4",multiple compact point candidates
DOD_111689090,33,32,2,240.1,315.0,28,192.9,72.3,"240.1:315.0:a28:l192.9:c72.3;239.7:308.0:a6:l150.8:c32.8",multiple compact point candidates
DOD_111689090,34,33,2,240.2,314.9,29,193.8,70.0,"240.2:314.9:a29:l193.8:c70.0;240.3:308.0:a4:l154.0:c30.3",multiple compact point candidates
DOD_111689090,35,34,1,240.2,314.9,29,191.4,71.5,240.2:314.9:a29:l191.4:c71.5,single compact point candidate
DOD_111689090,36,35,1,240.2,315.0,27,192.6,73.9,240.2:315.0:a27:l192.6:c73.9,single compact point candidate
DOD_111689090,37,36,1,240.0,315.0,31,189.7,68.2,240.0:315.0:a31:l189.7:c68.2,single compact point candidate
DOD_111689090,38,37,1,240.2,315.0,29,188.5,65.4,240.2:315.0:a29:l188.5:c65.4,single compact point candidate
DOD_111689090,39,38,1,240.3,314.9,28,195.1,76.0,240.3:314.9:a28:l195.1:c76.0,single compact point candidate
DOD_111689090,40,39,1,239.6,315.2,22,178.5,68.3,239.6:315.2:a22:l178.5:c68.3,single compact point candidate
DOD_111689090,41,40,0,,,,,,,no compact neutral bright point candidates
DOD_111689090,42,41,2,722.5,315.0,12,187.4,122.3,"722.5:315.0:a12:l187.4:c122.3;394.5:24.5:a4:l156.0:c79.9",multiple compact point candidates
DOD_111689090,43,42,2,722.5,314.8,13,188.2,128.7,"722.5:314.8:a13:l188.2:c128.7;394.9:24.9:a8:l158.3:c71.5",multiple compact point candidates
DOD_111689090,44,43,1,722.5,314.8,13,182.5,118.7,722.5:314.8:a13:l182.5:c118.7,single compact point candidate
DOD_111689090,45,44,1,722.3,314.9,14,186.2,122.7,722.3:314.9:a14:l186.2:c122.7,single compact point candidate
DOD_111689090,46,45,0,,,,,,,no compact neutral bright point candidates
DOD_111689090,47,46,1,722.3,314.7,15,175.5,101.2,722.3:314.7:a15:l175.5:c101.2,single compact point candidate
DOD_111689090,48,47,1,722.7,315.0,13,196.5,120.8,722.7:315.0:a13:l196.5:c120.8,single compact point candidate
DOD_111689090,49,48,1,722.3,314.9,15,182.9,106.7,722.3:314.9:a15:l182.9:c106.7,single compact point candidate
DOD_111689090,50,49,1,722.2,314.7,16,185.4,111.2,722.2:314.7:a16:l185.4:c111.2,single compact point candidate
DOD_111689090,51,50,1,722.2,314.7,16,192.9,115.9,722.2:314.7:a16:l192.9:c115.9,single compact point candidate
DOD_111689090,52,51,0,,,,,,,no compact neutral bright point candidates
DOD_111689090,53,52,0,,,,,,,no compact neutral bright point candidates
DOD_111689090,54,53,3,240.1,314.8,28,198.9,69.3,"240.1:314.8:a28:l198.9:c69.3;240.0:307.8:a4:l155.8:c27.7;240.0:321.0:a3:l160.0:c31.0",multiple compact point candidates
DOD_111689090,55,54,2,240.4,314.7,25,193.8,64.7,"240.4:314.7:a25:l193.8:c64.7;240.8:307.6:a9:l155.7:c31.3",multiple compact point candidates
DOD_111689090,56,55,1,240.0,314.9,27,195.2,64.2,240.0:314.9:a27:l195.2:c64.2,single compact point candidate
DOD_111689090,57,56,2,240.2,314.9,27,198.5,67.2,"240.2:314.9:a27:l198.5:c67.2;239.7:307.7:a3:l157.7:c27.7",multiple compact point candidates
DOD_111689090,58,57,0,,,,,,,no compact neutral bright point candidates
DOD_111689090,59,58,1,353.0,179.5,2,155.1,27.1,353.0:179.5:a2:l155.1:c27.1,single compact point candidate
DOD_111689090,60,59,2,240.3,315.0,23,187.1,73.3,"240.3:315.0:a23:l187.1:c73.3;239.9:321.9:a8:l152.1:c38.1",multiple compact point candidates
DOD_111689090,61,60,2,240.1,315.0,25,191.9,78.4,"240.1:315.0:a25:l191.9:c78.4;240.5:308.0:a2:l152.0:c41.8",multiple compact point candidates
DOD_111689090,62,61,2,240.2,314.9,27,193.8,78.7,"240.2:314.9:a27:l193.8:c78.7;239.5:308.0:a2:l151.9:c38.0",multiple compact point candidates
DOD_111689090,63,62,0,,,,,,,no compact neutral bright point candidates
DOD_111689090,64,63,3,240.3,314.8,24,194.1,70.3,"240.3:314.8:a24:l194.1:c70.3;240.2:321.3:a10:l157.6:c34.5;240.1:307.9:a10:l155.5:c32.9",multiple compact point candidates
DOD_111689090,65,64,3,240.2,315.0,27,195.9,68.0,"240.2:315.0:a27:l195.9:c68.0;240.7:321.4:a7:l165.9:c37.5;240.0:308.0:a3:l155.3:c29.8",multiple compact point candidates
DOD_111689090,66,65,3,240.1,315.0,26,192.8,69.9,"240.1:315.0:a26:l192.8:c69.9;239.9:321.3:a10:l152.4:c29.7;239.6:307.9:a7:l150.1:c31.0",multiple compact point candidates
DOD_111689090,67,66,41,239.9,314.8,17,197.2,105.7,"239.9:314.8:a17:l197.2:c105.7;259.6:329.0:a23:l157.1:c50.4;567.5:25.3:a14:l202.9:c63.5;260.2:322.9:a17:l155.0:c48.4;442.0:79.3:a18:l163.8:c37.7;442.1:68.0:a15:l165.6:c35.7;758.7:40.1:a14:l166.9:c29.1;378.8:51.5:a11:l165.4:c31.7;403.3:61.6:a12:l162.2:c28.7;810.3:44.3:a11:l171.4:c30.2;631.5:55.6:a11:l165.0:c29.4;310.4:45.1:a11:l161.5:c28.4;836.2:68.1:a9:l168.8:c30.6;371.7:60.9:a9:l160.6:c30.0;476.0:140.5:a8:l155.6:c31.6;476.1:36.3:a8:l169.1:c31.2;648.4:114.2:a9:l154.7:c27.4;587.0:30.5:a8:l168.3:c30.0;594.5:97.5:a8:l154.5:c28.4;700.1:54.1:a8:l164.1:c27.9;371.1:43.1:a8:l163.5:c27.6;660.3:87.6:a8:l156.8:c27.3;842.0:34.7:a7:l171.5:c30.4;28.5:32.7:a6:l176.3:c33.7;918.3:103.6:a7:l160.9:c28.5;667.0:44.7:a7:l162.1:c28.0;308.2:129.2:a6:l150.2:c32.0;918.0:92.5:a6:l165.1:c29.3;388.0:69.5:a6:l153.8:c28.9;908.2:26.2:a6:l175.8:c28.9;729.0:28.5:a6:l170.7:c28.7;435.0:78.5:a6:l157.2:c28.2;622.0:98.5:a6:l156.1:c28.2;450.8:122.2:a6:l151.0:c27.3;296.8:24.6:a5:l168.4:c28.6;792.4:38.8:a5:l169.8:c27.9;64.3:452.3:a3:l150.7:c42.2;825.5:159.0:a4:l154.2:c28.1;740.5:30.5:a4:l170.0:c28.0;918.5:85.0:a2:l168.2:c29.0;748.5:138.0:a2:l153.4:c27.1",multiple compact point candidates
DOD_111689090,68,67,31,239.9,314.6,17,198.6,104.5,"239.9:314.6:a17:l198.6:c104.5;721.3:108.1:a18:l160.6:c28.7;909.1:148.3:a12:l158.4:c31.3;919.3:38.5:a11:l180.3:c31.9;99.5:133.6:a11:l156.5:c29.9;42.0:64.0:a9:l176.7:c35.6;82.2:169.0:a10:l150.9:c30.2;514.5:101.6:a11:l154.3:c27.1;749.5:166.2:a10:l150.2:c28.4;443.7:67.9:a9:l164.0:c27.2;852.3:190.6:a7:l151.1:c34.3;154.3:213.5:a6:l150.8:c38.9;567.3:145.0:a7:l156.8:c30.6;701.3:166.6:a7:l150.4:c28.2;163.0:158.0:a7:l150.1:c28.0;109.7:40.6:a7:l171.3:c28.0;819.7:70.6:a7:l166.3:c27.2;776.5:85.0:a6:l171.2:c30.8;587.0:30.5:a6:l174.7:c30.5;837.2:24.8:a6:l175.4:c28.8;189.2:52.8:a6:l166.1:c28.2;28.7:55.8:a6:l170.5:c27.4;791.8:66.4:a5:l173.8:c30.9;586.5:154.5:a4:l152.2:c30.6;769.0:84.8:a4:l166.7:c27.6;927.5:46.5:a4:l178.5:c27.5;810.5:109.0:a4:l165.7:c27.2;802.7:110.7:a3:l165.9:c28.0;838.0:89.0:a3:l171.3:c27.4;600.3:117.3:a3:l153.6:c27.4;389.0:125.5:a2:l150.5:c28.2",multiple compact point candidates
DOD_111689090,69,68,50,240.2,314.7,19,199.6,104.0,"240.2:314.7:a19:l199.6:c104.0;261.0:322.5:a10:l156.4:c54.3;55.2:215.5:a13:l150.7:c34.7;26.2:397.9:a12:l150.0:c36.7;738.2:53.3:a13:l175.6:c30.4;911.3:205.4:a11:l152.1:c34.1;126.4:148.9:a11:l157.0:c30.9;245.5:181.5:a8:l153.1:c41.1;259.5:329.5:a6:l150.1:c46.9;649.3:32.9:a10:l172.6:c27.7;890.2:105.0:a10:l164.6:c27.5;692.1:42.3:a9:l174.5:c30.4;89.5:185.0:a8:l152.6:c33.1;178.9:44.1:a8:l174.9:c31.7;443.8:67.6:a9:l163.2:c27.6;605.9:54.1:a8:l171.4:c30.2;577.5:95.5:a8:l160.6:c29.1;71.1:72.9:a8:l166.9:c28.9;155.3:94.0:a7:l162.5:c31.4;362.6:32.8:a8:l168.9:c27.4;807.9:72.8:a8:l169.6:c27.4;180.5:169.0:a6:l153.4:c34.6;144.7:134.8:a6:l158.7:c32.8;71.6:51.7:a7:l172.4:c27.9;36.0:65.0:a7:l170.4:c27.6;758.6:40.9:a7:l173.0:c27.0;432.5:133.0:a6:l151.7:c29.8;915.8:166.2:a6:l154.9:c29.2;701.8:64.5:a6:l171.8:c27.4;687.2:31.3:a6:l172.3:c27.0;378.8:52.4:a5:l168.4:c31.3;46.6:39.2:a5:l177.2:c28.4;111.8:141.4:a5:l154.0:c27.6;53.8:38.4:a5:l176.0:c27.5;908.2:166.6:a5:l153.5:c27.4;595.5:96.5:a4:l162.1:c30.3;882.5:127.5:a4:l160.4:c29.0;586.0:120.3:a4:l154.3:c28.0;620.8:81.3:a4:l163.2:c27.8;750.0:66.3:a4:l170.5:c27.2;699.5:30.0:a4:l172.8:c27.1;631.7:68.7:a3:l169.7:c29.5;918.7:86.7:a3:l173.2:c28.9;763.7:28.7:a3:l177.7:c27.8;370.3:125.3:a3:l151.3:c27.4;486.3:59.3:a3:l167.0:c27.2;207.0:24.5:a2:l177.7:c32.5;838.5:24.0:a2:l179.9:c28.2;306.5:27.0:a2:l174.0:c28.1;396.5:41.0:a2:l167.5:c27.6",multiple compact point candidates
DOD_111689090,70,69,12,239.8,314.7,16,196.4,99.5,"239.8:314.7:a16:l196.4:c99.5;901.1:91.9:a14:l182.4:c33.1;668.1:78.1:a8:l166.0:c29.5;845.3:92.8:a8:l175.0:c29.3;281.0:133.5:a8:l152.4:c28.1;326.7:30.0:a7:l167.7:c29.4;693.5:71.0:a6:l172.8:c31.3;612.7:122.2:a6:l155.5:c29.0;108.8:185.6:a5:l150.2:c33.6;360.4:139.8:a5:l151.6:c29.9;504.0:105.0:a3:l156.7:c28.0;676.7:167.3:a3:l151.6:c27.4",multiple compact point candidates
DOD_111689090,71,70,7,239.7,314.6,17,188.5,89.1,"239.7:314.6:a17:l188.5:c89.1;163.1:218.3:a15:l150.3:c28.1;260.1:29.1:a8:l178.2:c28.8;172.0:215.5:a6:l150.5:c28.4;802.4:129.2:a5:l156.3:c27.2;334.5:64.5:a4:l171.8:c31.6;163.0:72.5:a2:l174.7:c27.2",multiple compact point candidates
DOD_111689090,72,71,4,54.5,37.5,4,180.4,27.6,"54.5:37.5:a4:l180.4:c27.6;567.8:107.8:a4:l155.3:c27.5;568.3:24.3:a3:l171.0:c30.4;190.0:48.5:a2:l177.2:c29.6",multiple compact point candidates
DOD_111689090,73,72,17,257.9,326.4,37,155.2,42.3,"257.9:326.4:a37:l155.2:c42.3;239.8:314.8:a15:l200.3:c98.4;233.8:85.1:a12:l168.4:c31.9;667.0:88.0:a9:l159.9:c33.2;98.4:331.3:a9:l150.4:c31.9;126.3:103.6:a8:l168.6:c29.7;46.3:274.9:a8:l151.8:c28.2;54.6:275.3:a7:l152.1:c30.0;198.3:84.0:a7:l167.7:c28.1;882.2:53.2:a6:l169.1:c30.9;153.0:120.5:a6:l162.4:c30.6;566.5:123.0:a6:l150.7:c29.4;224.5:246.5:a4:l153.5:c39.3;701.3:90.7:a3:l153.7:c28.2;70.5:194.0:a2:l152.5:c27.7;235.0:140.5:a2:l151.7:c27.4;735.5:35.0:a2:l165.7:c27.3",multiple compact point candidates
DOD_111689090,74,73,5,239.5,314.8,13,179.0,75.1,"239.5:314.8:a13:l179.0:c75.1;362.5:79.5:a4:l157.4:c27.9;703.0:104.5:a2:l151.4:c30.5;252.5:24.0:a2:l177.2:c27.4;866.5:58.0:a2:l163.9:c27.1",multiple compact point candidates
DOD_111689090,75,74,4,239.9,314.6,17,188.9,103.1,"239.9:314.6:a17:l188.9:c103.1;260.5:322.5:a8:l161.2:c61.0;256.0:326.0:a5:l150.4:c50.0;279.7:118.7:a3:l150.6:c32.3",multiple compact point candidates
DOD_111689090,76,75,3,239.9,314.8,17,190.8,102.0,"239.9:314.8:a17:l190.8:c102.0;567.5:25.3:a14:l199.0:c63.5;344.5:122.0:a2:l150.7:c32.6",multiple compact point candidates
DOD_111689090,77,76,2,239.8,314.7,16,183.3,112.1,"239.8:314.7:a16:l183.3:c112.1;567.5:25.0:a12:l180.2:c71.4",multiple compact point candidates
DOD_111689090,78,77,1,239.3,314.8,12,191.2,117.4,239.3:314.8:a12:l191.2:c117.4,single compact point candidate
DOD_111689090,79,78,5,239.8,315.0,16,201.4,102.2,"239.8:315.0:a16:l201.4:c102.2;108.3:137.6:a9:l151.8:c27.3;752.8:128.6:a5:l151.3:c35.5;297.7:52.7:a3:l161.2:c27.9;766.7:66.3:a3:l161.6:c27.7",multiple compact point candidates
DOD_111689090,80,79,9,239.9,314.6,17,187.7,92.1,"239.9:314.6:a17:l187.7:c92.1;567.4:24.9:a11:l200.6:c57.9;858.4:148.8:a16:l158.5:c32.7;933.0:105.8:a11:l165.8:c29.0;918.2:121.2:a11:l164.3:c27.6;476.0:37.2:a10:l169.7:c30.2;820.5:138.0:a8:l159.2:c31.3;190.5:46.0:a2:l171.2:c27.6;798.5:25.0:a2:l172.4:c27.4",multiple compact point candidates
DOD_111689090,81,80,9,567.5,25.0,12,208.6,65.3,"567.5:25.0:a12:l208.6:c65.3;227.1:488.1:a8:l150.4:c37.2;644.4:39.7:a7:l170.7:c27.7;92.0:440.5:a6:l150.4:c32.2;468.6:66.8:a5:l164.2:c33.6;670.0:37.5:a6:l169.8:c27.3;245.0:35.8:a4:l174.7:c27.8;930.3:36.7:a3:l178.9:c27.5;188.0:75.0:a3:l168.2:c27.4",multiple compact point candidates
DOD_111689090,82,81,4,239.9,314.7,16,190.6,88.9,"239.9:314.7:a16:l190.6:c88.9;567.5:25.0:a12:l203.6:c63.2;114.3:479.9:a13:l150.3:c33.0;855.5:32.0:a2:l177.4:c30.1",multiple compact point candidates
DOD_111689090,83,82,4,239.5,314.7,18,194.6,94.2,"239.5:314.7:a18:l194.6:c94.2;567.6:24.9:a11:l205.4:c66.7;935.0:174.0:a3:l151.3:c30.9;818.7:58.3:a3:l162.9:c27.0",multiple compact point candidates
DOD_111689090,84,83,4,239.8,314.9,16,181.4,83.3,"239.8:314.9:a16:l181.4:c83.3;296.3:54.6:a7:l166.0:c28.8;867.0:54.5:a6:l172.0:c27.8;110.5:39.0:a2:l170.7:c27.0",multiple compact point candidates
DOD_111689090,85,84,17,239.8,314.7,19,197.5,99.3,"239.8:314.7:a19:l197.5:c99.3;567.3:25.1:a12:l189.4:c54.0;280.6:120.1:a14:l152.7:c30.0;152.8:126.0:a12:l150.9:c28.4;225.3:80.3:a10:l167.5:c33.3;390.0:78.5:a10:l161.8:c30.8;856.3:148.9:a10:l154.6:c27.9;587.7:29.1:a9:l163.4:c29.8;884.4:137.8:a8:l158.1:c30.2;826.6:175.6:a8:l151.1:c28.6;707.5:56.5:a8:l157.1:c27.5;298.1:53.4:a7:l169.8:c27.8;72.3:100.6:a7:l162.2:c27.3;303.0:101.0:a5:l159.4:c27.9;732.5:112.5:a4:l150.2:c28.6;114.5:281.0:a2:l150.7:c41.1;667.5:87.0:a2:l154.4:c27.2",multiple compact point candidates
DOD_111689090,86,85,3,240.4,314.9,17,199.2,99.1,"240.4:314.9:a17:l199.2:c99.1;719.0:52.5:a2:l169.9:c32.3;514.5:41.0:a2:l159.7:c27.6",multiple compact point candidates
DOD_111689090,87,86,4,239.9,314.9,14,187.8,85.6,"239.9:314.9:a14:l187.8:c85.6;467.5:49.5:a6:l167.2:c29.2;603.8:34.0:a6:l167.3:c28.3;427.0:40.8:a4:l164.5:c27.7",multiple compact point candidates
DOD_111689090,88,87,4,239.6,314.8,16,193.6,96.8,"239.6:314.8:a16:l193.6:c96.8;875.0:48.5:a6:l170.8:c30.6;576.3:95.0:a4:l151.4:c27.8;126.7:120.3:a3:l165.2:c29.7",multiple compact point candidates
DOD_111689090,89,88,15,240.0,314.7,21,194.3,72.8,"240.0:314.7:a21:l194.3:c72.8;111.6:514.3:a9:l162.4:c35.4;829.5:74.3:a6:l184.7:c30.3;56.2:393.3:a6:l168.2:c29.4;846.6:134.2:a5:l175.1:c27.6;124.6:384.2:a5:l161.7:c27.1;342.8:199.0:a4:l164.5:c29.2;370.0:80.3:a4:l182.5:c28.3;929.5:154.0:a4:l172.2:c27.1;640.0:28.0:a3:l186.2:c31.1;92.0:98.0:a3:l185.2:c27.2;244.5:321.0:a2:l152.2:c29.2;791.0:128.5:a2:l174.2:c28.9;823.0:37.5:a2:l187.2:c27.3;166.5:189.0:a2:l172.4:c27.3",multiple compact point candidates
DOD_111689090,90,89,24,240.0,314.5,18,199.5,64.0,"240.0:314.5:a18:l199.5:c64.0;475.5:292.9:a22:l154.0:c28.0;504.4:276.9:a18:l154.5:c31.3;487.1:293.1:a16:l153.8:c32.7;495.1:260.6:a17:l161.8:c30.6;473.8:237.1:a17:l151.3:c30.0;487.7:303.1:a14:l151.4:c30.0;567.8:25.4:a12:l205.0:c34.5;442.8:275.9:a13:l151.6:c29.1;188.5:442.8:a10:l174.8:c30.4;559.0:318.7:a7:l167.5:c30.1;487.6:244.1:a7:l154.0:c28.4;539.4:194.3:a7:l176.2:c27.6;468.7:275.0:a7:l159.4:c27.2;475.5:276.0:a6:l167.8:c30.4;900.8:192.8:a6:l178.8:c29.0;470.7:311.5:a6:l161.5:c28.7;799.8:251.2:a6:l166.6:c27.2;901.5:99.0:a6:l189.6:c27.1;112.5:514.5:a4:l176.9:c32.9;486.5:225.0:a4:l161.6:c27.2;245.0:322.0:a3:l170.2:c30.2;136.0:505.0:a3:l171.9:c27.1;484.0:228.5:a2:l156.3:c27.5",multiple compact point candidates
DOD_111689090,91,90,6,239.8,314.6,20,189.8,68.4,"239.8:314.6:a20:l189.8:c68.4;587.4:29.8:a13:l187.1:c32.2;567.0:25.0:a9:l191.3:c34.8;246.3:70.3:a6:l181.9:c28.8;848.0:131.5:a4:l177.4:c29.5;679.0:108.3:a4:l174.0:c27.5",multiple compact point candidates
DOD_111689090,92,91,7,240.2,314.7,19,190.1,92.6,"240.2:314.7:a19:l190.1:c92.6;226.6:83.3:a7:l158.6:c27.5;909.2:186.7:a6:l152.9:c27.9;662.5:98.0:a2:l155.4:c28.8;744.0:146.5:a2:l151.4:c28.3;872.5:117.0:a2:l161.4:c28.0;831.0:66.5:a2:l170.9:c27.0",multiple compact point candidates
DOD_111689090,93,92,4,567.5,25.0,12,188.6,50.3,"567.5:25.0:a12:l188.6:c50.3;839.7:72.0:a3:l169.9:c28.4;874.0:48.5:a2:l175.9:c31.7;875.5:119.0:a2:l162.4:c27.9",multiple compact point candidates
DOD_111689090,94,93,2,239.8,314.8,20,193.6,92.3,"239.8:314.8:a20:l193.6:c92.3;179.5:160.7:a6:l151.6:c27.9",multiple compact point candidates
DOD_111689090,95,94,2,38.0,384.0,3,150.3,27.3,"38.0:384.0:a3:l150.3:c27.3;298.7:56.3:a3:l174.3:c27.3",multiple compact point candidates
DOD_111689090,96,95,2,254.1,229.7,70,174.7,39.9,"254.1:229.7:a70:l174.7:c39.9;36.5:42.0:a2:l184.4:c27.6",multiple compact point candidates
DOD_111689090,97,96,5,393.8,236.9,85,162.4,36.9,"393.8:236.9:a85:l162.4:c36.9;240.2:314.9:a17:l198.9:c94.5;844.5:328.5:a4:l150.7:c67.2;120.3:117.0:a4:l170.7:c30.0;549.5:106.5:a4:l152.2:c27.0",multiple compact point candidates
DOD_111689090,98,97,3,239.8,314.8,15,200.7,98.9,"239.8:314.8:a15:l200.7:c98.9;33.5:144.0:a8:l167.3:c31.8;918.6:119.8:a5:l154.3:c28.2",multiple compact point candidates
DOD_111689090,99,98,7,637.0,253.0,77,157.6,40.6,"637.0:253.0:a77:l157.6:c40.6;567.6:25.4:a15:l203.9:c60.5;847.6:133.8:a8:l151.9:c27.9;894.1:136.7:a7:l155.1:c31.0;122.7:26.0:a7:l180.9:c28.9;239.0:315.5:a2:l157.9:c52.1;252.7:24.3:a3:l181.6:c34.0",multiple compact point candidates
DOD_111689090,100,99,1,801.7,219.5,12,153.0,37.5,801.7:219.5:a12:l153.0:c37.5,single compact point candidate
DOD_111689090,101,100,2,239.8,314.7,16,195.7,102.2,"239.8:314.7:a16:l195.7:c102.2;659.2:33.6:a5:l173.2:c27.1",multiple compact point candidates
DOD_111689090,102,101,1,239.8,314.7,16,197.9,103.9,239.8:314.7:a16:l197.9:c103.9,single compact point candidate
DOD_111689090,103,102,0,,,,,,,no compact neutral bright point candidates
DOD_111689090,104,103,3,239.8,314.9,16,195.1,93.7,"239.8:314.9:a16:l195.1:c93.7;567.5:25.3:a14:l191.7:c54.1;588.1:29.1:a8:l166.4:c29.3",multiple compact point candidates
DOD_111689090,105,104,3,239.8,314.7,16,194.3,89.0,"239.8:314.7:a16:l194.3:c89.0;567.5:25.0:a12:l206.8:c65.3;46.6:44.3:a7:l182.0:c28.7",multiple compact point candidates
DOD_111689090,106,105,2,239.8,314.8,15,195.4,99.1,"239.8:314.8:a15:l195.4:c99.1;567.0:24.8:a13:l210.0:c66.7",multiple compact point candidates
DOD_111689090,107,106,1,240.0,314.7,18,195.2,98.4,240.0:314.7:a18:l195.2:c98.4,single compact point candidate
DOD_111689090,108,107,5,239.4,314.6,19,196.2,98.4,"239.4:314.6:a19:l196.2:c98.4;409.3:197.5:a14:l160.1:c46.0;847.3:131.9:a7:l162.7:c27.4;754.5:144.5:a4:l154.0:c27.4;910.5:111.0:a2:l168.5:c27.2",multiple compact point candidates
DOD_111689090,109,108,4,239.8,314.7,16,188.8,92.4,"239.8:314.7:a16:l188.8:c92.4;409.5:198.0:a12:l169.2:c58.7;567.6:25.2:a13:l172.0:c32.0;587.7:29.9:a9:l168.3:c30.0",multiple compact point candidates
DOD_111689090,110,109,2,239.7,314.9,19,190.6,88.4,"239.7:314.9:a19:l190.6:c88.4;567.5:25.3:a14:l198.1:c47.8",multiple compact point candidates
DOD_111689090,111,110,4,239.6,314.8,18,194.9,95.2,"239.6:314.8:a18:l194.9:c95.2;587.8:29.7:a12:l176.3:c32.8;915.0:164.8:a4:l158.5:c27.1;864.3:160.7:a3:l156.7:c27.5",multiple compact point candidates
DOD_111689090,112,111,6,239.9,314.9,14,201.0,104.3,"239.9:314.9:a14:l201.0:c104.3;260.0:329.9:a19:l157.4:c51.1;567.7:25.2:a15:l197.7:c62.3;260.5:322.5:a12:l165.7:c57.9;666.0:24.7:a11:l152.0:c35.3;657.2:24.8:a5:l151.8:c31.2",multiple compact point candidates
DOD_111689090,113,112,1,239.9,314.9,16,194.2,100.9,239.9:314.9:a16:l194.2:c100.9,single compact point candidate
DOD_111689090,114,113,4,239.8,314.7,16,194.0,91.9,"239.8:314.7:a16:l194.0:c91.9;690.9:40.5:a19:l155.0:c28.7;587.9:30.3:a16:l170.9:c33.2;908.2:166.2:a6:l150.0:c29.1",multiple compact point candidates
DOD_111689090,115,114,5,239.6,314.7,17,190.7,94.5,"239.6:314.7:a17:l190.7:c94.5;695.1:44.4:a11:l154.5:c29.1;703.3:58.0:a9:l151.6:c30.0;587.7:30.9:a7:l167.4:c28.4;702.8:43.0:a4:l165.2:c30.7",multiple compact point candidates
DOD_111689090,116,115,3,240.0,314.7,18,197.0,91.3,"240.0:314.7:a18:l197.0:c91.3;685.7:46.2:a10:l150.0:c31.5;699.5:48.5:a2:l151.0:c30.3",multiple compact point candidates
DOD_111689090,117,116,2,244.5,26.7,68,221.8,45.6,"244.5:26.7:a68:l221.8:c45.6;152.6:189.1:a38:l174.7:c30.5",multiple compact point candidates
DOD_111689090,118,117,2,239.6,314.7,20,190.0,83.8,"239.6:314.7:a20:l190.0:c83.8;301.1:72.9:a14:l162.3:c28.0",multiple compact point candidates
DOD_111689090,119,118,1,239.9,314.6,17,185.6,102.1,239.9:314.6:a17:l185.6:c102.1,single compact point candidate
DOD_111689090,120,119,1,239.8,314.7,16,189.7,101.0,239.8:314.7:a16:l189.7:c101.0,single compact point candidate
DOD_111689090,121,120,3,239.6,314.7,17,196.6,91.1,"239.6:314.7:a17:l196.6:c91.1;83.7:181.9:a9:l164.0:c29.1;136.0:268.5:a2:l151.2:c27.1",multiple compact point candidates
DOD_111689090,122,121,2,567.7,25.1,12,157.6,41.2,"567.7:25.1:a12:l157.6:c41.2;62.2:162.4:a5:l162.8:c33.2",multiple compact point candidates
DOD_111689090,123,122,5,239.8,314.7,16,187.6,101.4,"239.8:314.7:a16:l187.6:c101.4;164.0:38.3:a7:l170.5:c30.0;125.7:25.0:a7:l172.7:c29.1;398.6:71.8:a5:l151.7:c34.1;139.5:25.0:a4:l176.6:c32.5",multiple compact point candidates
DOD_111689090,124,123,3,239.8,314.7,16,198.2,99.6,"239.8:314.7:a16:l198.2:c99.6;70.5:37.5:a4:l180.2:c27.2;112.5:140.5:a4:l155.2:c27.1",multiple compact point candidates
DOD_111689090,125,124,2,239.8,314.7,16,186.0,101.2,"239.8:314.7:a16:l186.0:c101.2;567.5:25.3:a14:l200.0:c67.9",multiple compact point candidates
DOD_111689090,126,125,5,113.5,514.5,4,154.6,52.6,"113.5:514.5:a4:l154.6:c52.6;74.0:417.0:a5:l152.7:c41.6;855.4:24.8:a5:l175.1:c28.1;729.5:28.5:a4:l169.0:c28.4;100.0:92.5:a2:l164.2:c27.3",multiple compact point candidates
DOD_111689090,127,126,3,239.8,314.7,16,194.3,101.3,"239.8:314.7:a16:l194.3:c101.3;28.7:159.4:a9:l157.9:c29.1;568.0:24.5:a6:l156.3:c32.2",multiple compact point candidates
DOD_111689090,128,127,3,239.8,314.7,16,185.1,97.3,"239.8:314.7:a16:l185.1:c97.3;567.6:24.9:a11:l174.2:c73.7;83.5:156.0:a6:l156.4:c27.5",multiple compact point candidates
DOD_111689090,129,128,2,239.8,314.7,16,189.8,104.3,"239.8:314.7:a16:l189.8:c104.3;567.6:24.9:a11:l194.4:c107.1",multiple compact point candidates
DOD_111689090,130,129,13,239.8,314.8,18,193.1,95.4,"239.8:314.8:a18:l193.1:c95.4;567.5:25.3:a14:l199.7:c75.0;261.8:97.8:a12:l154.6:c34.4;28.3:265.6:a14:l150.3:c29.0;308.9:42.8:a12:l162.4:c30.3;172.3:82.0:a7:l162.9:c28.9;164.7:82.4:a7:l162.8:c27.7;315.0:40.5:a6:l162.1:c30.3;288.4:54.2:a5:l161.0:c31.3;102.5:410.5:a4:l151.2:c28.5;540.5:26.5:a4:l151.5:c27.3;88.5:54.5:a4:l173.7:c27.1;483.5:31.0:a2:l150.7:c29.0",multiple compact point candidates
DOD_111689090,131,130,135,721.9,227.4,19,190.4,97.0,"721.9:227.4:a19:l190.4:c97.0;234.8:96.6:a45:l163.2:c33.4;246.5:81.4:a21:l162.1:c35.1;237.3:79.5:a25:l166.4:c28.4;127.5:78.4:a19:l192.1:c32.7;73.4:196.4:a15:l176.5:c34.7;249.0:142.1:a14:l169.6:c33.5;313.2:84.8:a13:l171.6:c33.1;173.6:168.8:a12:l171.3:c35.4;223.3:225.9:a13:l151.4:c32.2;80.4:269.6:a12:l160.1:c34.5;239.4:287.2:a10:l150.3:c41.0;181.5:107.0:a12:l181.7:c33.9;342.5:63.5:a12:l171.2:c31.8;38.8:253.2:a13:l161.7:c27.9;327.5:100.8:a11:l167.7:c32.2;120.6:110.8:a10:l187.6:c34.7;213.5:209.2:a11:l154.4:c30.9;224.0:148.9:a10:l167.4:c33.9;841.2:80.0:a10:l151.5:c33.7;142.1:171.6:a11:l167.1:c29.7;144.0:97.2:a10:l184.4:c32.6;386.5:165.4:a11:l152.1:c29.1;522.6:181.2:a9:l152.0:c33.7;184.1:93.9:a9:l183.6:c32.5;772.0:103.7:a9:l150.8:c32.4;221.1:274.1:a8:l151.3:c35.8;326.0:81.0:a9:l170.8:c31.4;228.2:155.5:a10:l162.7:c28.2;239.7:188.1:a10:l154.3:c27.9;116.3:71.1:a9:l192.8:c30.1;163.9:111.3:a9:l179.2:c29.9;70.9:170.4:a9:l175.6:c28.7;24.9:196.1:a8:l179.1:c31.5;543.3:89.0:a9:l158.0:c27.5;639.1:125.9:a8:l151.6:c30.6;110.8:81.9:a8:l189.4:c30.3;83.0:356.5:a6:l150.3:c40.2;636.6:92.8:a8:l155.1:c30.1;364.2:228.8:a6:l154.8:c40.0;51.9:189.9:a8:l171.3:c29.9;49.1:198.1:a8:l169.1:c28.9;666.9:52.9:a8:l157.2:c28.3;99.5:242.8:a8:l157.6:c28.2;152.4:106.8:a8:l179.4:c27.4;115.3:192.0:a7:l170.1:c31.0;416.3:68.0:a7:l165.6:c30.6;399.1:66.3:a7:l167.4:c30.1;192.4:86.3:a7:l181.1:c29.7;280.7:158.0:a7:l158.2:c29.6;800.0:49.0:a7:l155.1:c29.2;484.3:104.6:a7:l157.3:c28.4;549.4:137.7:a7:l150.3:c28.4;417.6:54.3:a7:l163.6:c28.1;222.7:208.1:a7:l150.7:c27.7;43.5:138.3:a6:l187.8:c32.1;138.4:107.3:a7:l178.9:c27.4;104.4:211.7:a7:l162.9:c27.1;606.7:65.5:a6:l157.9:c30.4;36.0:186.5:a6:l177.5:c30.3;128.7:133.5:a6:l177.5:c30.0;40.5:110.0:a6:l188.8:c29.9;446.5:30.0:a6:l170.5:c29.5;353.6:195.8:a5:l152.7:c35.2;86.0:44.5:a6:l194.0:c28.9;55.7:202.5:a6:l167.2:c28.6;313.5:126.0:a6:l159.8:c28.4;155.8:124.8:a6:l175.2:c28.3;624.2:25.3:a6:l163.3:c28.2;467.8:134.8:a6:l154.0:c28.0;185.5:46.0:a6:l187.2:c27.8;428.8:148.6:a5:l157.1:c33.3;169.0:223.5:a6:l153.8:c27.6;361.2:153.8:a6:l151.4:c27.3;543.5:115.0:a6:l151.8:c27.3;279.6:186.8:a5:l151.6:c30.9;548.5:184.5:a4:l152.9:c37.6;288.8:146.6:a5:l160.5:c29.5;492.2:108.6:a5:l157.6:c29.2;822.2:24.6:a5:l154.2:c29.0;124.5:146.5:a4:l182.8:c36.0;711.0:210.0:a3:l150.6:c47.8;162.2:175.4:a5:l164.2:c28.3;570.5:180.5:a4:l150.4:c35.0;934.8:46.0:a4:l153.3:c35.0;170.4:207.6:a5:l155.8:c28.0;202.6:220.8:a5:l151.0:c27.7;459.6:44.8:a5:l165.8:c27.6;113.6:232.6:a5:l156.0:c27.5;171.4:107.8:a5:l177.2:c27.3;209.2:130.4:a5:l167.2:c27.2;208.0:198.8:a5:l153.8:c27.2;492.8:56.6:a5:l159.8:c27.2;253.8:70.6:a5:l174.6:c27.2;169.6:32.8:a5:l188.0:c27.1;439.5:50.5:a4:l168.8:c31.9;165.0:264.8:a4:l150.8:c30.9;300.0:94.8:a4:l167.0:c30.2;334.5:106.5:a4:l164.0:c29.3;422.5:60.5:a4:l165.8:c28.9;37.0:60.8:a4:l198.5:c28.6;51.5:110.0:a4:l188.5:c28.4;42.5:170.5:a4:l177.8:c28.3;177.5:92.5:a4:l179.8:c28.1;560.5:34.5:a4:l161.2:c27.9;76.3:242.3:a4:l159.3:c27.8;43.5:242.5:a4:l160.3:c27.7;524.5:35.5:a4:l165.3:c27.4;189.0:120.3:a4:l171.3:c27.3;156.5:56.5:a4:l188.3:c27.3;58.0:141.5:a4:l182.3:c27.3;309.5:174.0:a4:l150.4:c27.1;247.3:24.3:a3:l187.3:c30.9;613.7:138.3:a3:l150.9:c30.3;200.0:83.0:a3:l178.7:c30.0;272.0:47.0:a3:l181.7:c29.5;151.3:115.0:a3:l176.7:c29.1;408.0:82.0:a3:l159.7:c29.1;268.0:90.0:a3:l167.7:c29.0;566.7:94.3:a3:l154.7:c28.9;462.0:127.0:a3:l157.7:c28.9;31.0:294.0:a3:l156.3:c28.1;826.0:30.0:a3:l151.3:c27.9;456.3:126.7:a3:l157.7:c27.5;76.7:109.7:a3:l185.0:c27.4;296.3:54.3:a3:l174.3:c27.4;439.7:60.3:a3:l162.7:c27.3;424.0:230.5:a2:l150.4:c38.7;544.0:168.5:a2:l152.5:c35.5;309.0:114.5:a2:l163.9:c29.3;416.5:34.0:a2:l169.5:c28.5;31.0:302.5:a2:l155.0:c28.0;224.0:196.5:a2:l152.5:c27.7;224.0:104.5:a2:l173.0:c27.5;279.0:36.5:a2:l176.5:c27.1",multiple compact point candidates
DOD_111689090,132,131,1,722.5,227.2,10,160.5,65.2,722.5:227.2:a10:l160.5:c65.2,single compact point candidate
DOD_111689090,133,132,1,722.1,227.1,8,163.4,73.9,722.1:227.1:a8:l163.4:c73.9,single compact point candidate
DOD_111689090,134,133,1,722.3,227.0,7,158.6,66.4,722.3:227.0:a7:l158.6:c66.4,single compact point candidate
DOD_111689090,135,134,1,722.3,227.0,7,159.7,70.8,722.3:227.0:a7:l159.7:c70.8,single compact point candidate
DOD_111689090,136,135,1,722.3,227.3,12,171.3,77.8,722.3:227.3:a12:l171.3:c77.8,single compact point candidate
DOD_111689090,137,136,1,722.5,227.0,12,173.4,79.0,722.5:227.0:a12:l173.4:c79.0,single compact point candidate
DOD_111689090,138,137,1,722.3,227.3,12,173.3,78.8,722.3:227.3:a12:l173.3:c78.8,single compact point candidate
DOD_111689090,139,138,1,722.3,227.1,14,170.4,71.6,722.3:227.1:a14:l170.4:c71.6,single compact point candidate
DOD_111689090,140,139,0,,,,,,,no compact neutral bright point candidates
DOD_111689090,141,140,1,722.3,226.9,7,153.4,58.9,722.3:226.9:a7:l153.4:c58.9,single compact point candidate
DOD_111689090,142,141,1,722.0,227.0,9,164.2,79.5,722.0:227.0:a9:l164.2:c79.5,single compact point candidate
DOD_111689090,143,142,1,722.2,227.0,10,172.6,98.5,722.2:227.0:a10:l172.6:c98.5,single compact point candidate
DOD_111689090,144,143,1,722.3,227.0,13,182.5,99.1,722.3:227.0:a13:l182.5:c99.1,single compact point candidate
DOD_111689090,145,144,1,722.2,227.3,16,180.9,95.3,722.2:227.3:a16:l180.9:c95.3,single compact point candidate
DOD_111689090,146,145,1,722.4,227.1,14,184.1,98.4,722.4:227.1:a14:l184.1:c98.4,single compact point candidate
DOD_111689090,147,146,1,722.3,227.3,15,183.1,96.4,722.3:227.3:a15:l183.1:c96.4,single compact point candidate
DOD_111689090,148,147,1,722.2,227.3,16,187.3,93.4,722.2:227.3:a16:l187.3:c93.4,single compact point candidate
DOD_111689090,149,148,1,722.4,227.3,17,190.7,93.6,722.4:227.3:a17:l190.7:c93.6,single compact point candidate
DOD_111689090,150,149,0,,,,,,,no compact neutral bright point candidates
DOD_111689090,151,150,1,240.2,314.9,22,192.0,73.1,240.2:314.9:a22:l192.0:c73.1,single compact point candidate
DOD_111689090,152,151,4,239.9,314.8,17,194.2,88.5,"239.9:314.8:a17:l194.2:c88.5;567.5:25.3:a14:l196.9:c71.6;49.9:96.1:a8:l160.1:c28.0;63.0:434.5:a2:l185.5:c31.6",multiple compact point candidates
DOD_111689090,153,152,12,240.2,315.0,16,214.0,61.8,"240.2:315.0:a16:l214.0:c61.8;487.3:236.6:a24:l151.0:c28.4;567.5:25.0:a12:l221.6:c45.5;475.3:308.1:a18:l159.7:c29.7;444.1:260.6:a14:l155.9:c29.5;752.6:92.1:a12:l202.3:c29.7;368.4:28.7:a9:l210.0:c30.2;34.3:118.9:a9:l206.6:c28.9;503.3:275.4:a7:l151.4:c28.7;152.0:256.7:a7:l191.5:c27.4;308.5:334.0:a6:l184.1:c27.2;576.0:105.5:a4:l190.0:c27.6",multiple compact point candidates
DOD_111689090,154,153,22,448.1,263.6,43,165.3,29.6,"448.1:263.6:a43:l165.3:c29.6;474.7:300.7:a43:l164.0:c28.3;487.8:301.5:a36:l163.6:c27.8;240.5:315.0:a14:l215.2:c56.0;476.1:234.7:a24:l164.5:c27.1;488.0:241.3:a22:l162.0:c27.9;522.8:262.3:a20:l169.2:c28.3;506.0:259.3:a18:l170.8:c29.4;506.4:275.9:a18:l165.3:c28.3;493.8:264.7:a12:l175.1:c28.6;487.3:291.7:a12:l166.3:c27.8;567.9:24.9:a8:l227.4:c39.3;466.9:263.6:a11:l174.4:c28.2;461.6:264.4:a8:l168.5:c28.0;480.5:253.5:a4:l178.1:c30.8;792.3:50.0:a4:l221.0:c28.8;483.8:284.8:a4:l175.4:c27.9;487.8:256.8:a4:l178.6:c27.7;475.0:288.5:a4:l170.0:c27.1;473.3:230.7:a3:l167.4:c27.3;469.5:268.0:a2:l179.7:c29.6;484.5:229.0:a2:l167.6:c27.4",multiple compact point candidates
DOD_111689090,155,154,18,240.2,314.9,18,205.8,63.3,"240.2:314.9:a18:l205.8:c63.3;486.4:301.7:a37:l151.8:c29.4;475.2:237.5:a35:l153.3:c29.0;452.5:262.6:a30:l152.7:c27.1;522.8:262.6:a21:l158.2:c31.5;494.2:264.2:a15:l163.5:c34.1;493.9:275.6:a16:l161.7:c28.7;476.1:297.1:a16:l151.5:c27.6;567.4:24.9:a11:l207.0:c36.7;487.7:237.7:a13:l151.6:c30.2;443.6:276.4:a13:l153.1:c30.1;504.3:275.3:a8:l152.7:c30.3;118.2:90.4:a5:l211.4:c29.9;234.2:308.6:a5:l175.1:c29.1;542.5:26.5:a4:l197.5:c28.5;800.5:219.5:a4:l172.7:c27.3;287.0:35.0:a3:l202.9:c28.2;480.0:253.5:a2:l177.9:c41.5",multiple compact point candidates
DOD_111689090,156,155,19,567.5,25.2,13,221.3,59.3,"567.5:25.2:a13:l221.3:c59.3;818.2:57.7:a10:l185.1:c30.1;492.2:105.0:a10:l178.6:c28.3;918.5:121.5:a8:l178.6:c30.4;558.0:318.5:a6:l155.9:c37.5;112.0:514.6:a8:l163.3:c28.0;190.4:46.6:a8:l199.6:c28.0;450.7:179.0:a7:l170.8:c31.4;864.8:247.2:a6:l154.6:c27.1;370.2:120.6:a5:l183.4:c31.7;108.4:302.8:a5:l174.9:c27.9;281.2:119.6:a5:l182.8:c27.8;893.5:24.5:a4:l194.2:c30.9;478.0:52.0:a3:l185.2:c27.9;586.7:31.3:a3:l188.6:c27.7;663.0:235.0:a3:l151.9:c27.4;280.0:210.0:a3:l169.3:c27.3;832.0:96.5:a2:l178.4:c28.7;487.0:214.5:a2:l162.2:c27.7",multiple compact point candidates
DOD_111689090,157,156,18,240.0,314.9,19,196.4,63.0,"240.0:314.9:a19:l196.4:c63.0;494.6:263.3:a17:l154.7:c29.3;477.5:223.2:a13:l161.0:c30.1;471.2:245.1:a12:l153.5:c28.9;508.3:259.6:a9:l154.1:c32.7;523.0:261.0:a9:l153.2:c30.9;161.5:434.0:a10:l171.4:c27.7;476.5:250.8:a8:l153.8:c28.7;524.9:276.1:a8:l151.7:c27.7;467.8:265.0:a6:l158.8:c30.0;450.8:58.2:a6:l198.2:c29.5;47.4:47.2:a5:l197.8:c29.0;254.5:303.5:a4:l172.4:c29.7;440.5:261.5:a4:l151.3:c28.6;476.0:231.0:a3:l150.7:c28.0;496.3:297.7:a3:l163.3:c28.0;928.0:92.5:a2:l191.0:c27.2;840.0:68.5:a2:l196.2:c27.0",multiple compact point candidates
DOD_111689090,158,157,7,240.1,314.9,17,185.0,57.0,"240.1:314.9:a17:l185.0:c57.0;567.6:24.9:a11:l218.5:c44.4;487.0:301.1:a15:l151.0:c29.6;443.1:261.8:a9:l151.0:c27.0;493.5:264.7:a6:l162.0:c30.8;476.0:229.0:a3:l155.8:c27.4;495.0:284.5:a2:l170.7:c27.1",multiple compact point candidates
DOD_111689090,159,158,5,567.5,25.0,12,207.6,52.0,"567.5:25.0:a12:l207.6:c52.0;493.0:264.9:a7:l151.4:c32.3;864.3:247.5:a6:l165.5:c30.0;187.5:118.5:a4:l177.7:c28.6;254.0:138.0:a3:l173.3:c27.8",multiple compact point candidates
DOD_111689090,160,159,1,567.7,25.0,13,203.6,59.3,567.7:25.0:a13:l203.6:c59.3,single compact point candidate
DOD_111689090,161,160,1,239.9,314.9,16,197.8,97.5,239.9:314.9:a16:l197.8:c97.5,single compact point candidate
DOD_111689090,162,161,1,239.9,314.8,17,199.9,99.8,239.9:314.8:a17:l199.9:c99.8,single compact point candidate
DOD_111689090,163,162,3,239.6,314.7,17,192.7,85.3,"239.6:314.7:a17:l192.7:c85.3;567.5:25.3:a14:l210.5:c69.3;135.0:100.5:a2:l169.4:c28.7",multiple compact point candidates
DOD_111689090,164,163,5,239.7,314.9,19,182.9,72.7,"239.7:314.9:a19:l182.9:c72.7;658.9:40.0:a17:l151.1:c27.3;567.4:24.9:a11:l189.8:c41.5;662.0:54.3:a4:l152.2:c27.6;661.0:33.0:a3:l158.2:c30.1",multiple compact point candidates
DOD_111689090,165,164,3,239.8,314.8,18,193.0,83.4,"239.8:314.8:a18:l193.0:c83.4;690.0:41.0:a3:l151.5:c28.6;675.0:63.5:a2:l155.9:c35.7",multiple compact point candidates
DOD_111689090,166,165,2,239.5,315.0,12,187.4,112.6,"239.5:315.0:a12:l187.4:c112.6;567.6:24.9:a11:l187.3:c81.7",multiple compact point candidates
DOD_111689090,167,166,1,567.6,24.9,11,182.2,87.7,567.6:24.9:a11:l182.2:c87.7,single compact point candidate
DOD_111689090,168,167,2,239.9,314.9,14,179.6,103.2,"239.9:314.9:a14:l179.6:c103.2;567.8:25.2:a16:l196.0:c76.3",multiple compact point candidates
DOD_111689090,169,168,2,239.9,314.9,14,189.4,104.9,"239.9:314.9:a14:l189.4:c104.9;567.5:25.3:a14:l196.9:c58.0",multiple compact point candidates
DOD_111689090,170,169,2,239.8,314.8,17,193.1,104.9,"239.8:314.8:a17:l193.1:c104.9;567.5:25.0:a12:l204.5:c67.7",multiple compact point candidates
DOD_111689090,171,170,6,239.5,314.8,19,192.7,75.1,"239.5:314.8:a19:l192.7:c75.1;567.4:24.9:a11:l200.2:c48.9;346.8:284.2:a6:l152.3:c31.1;239.0:307.5:a2:l150.5:c28.0;163.5:66.0:a2:l183.7:c27.9;235.0:94.5:a2:l172.5:c27.4",multiple compact point candidates
DOD_111689090,172,171,3,240.2,314.9,17,196.9,90.8,"240.2:314.9:a17:l196.9:c90.8;567.5:25.2:a13:l201.8:c61.2;547.5:129.5:a4:l153.6:c30.2",multiple compact point candidates
DOD_111689090,173,172,6,239.9,314.6,17,193.8,90.9,"239.9:314.6:a17:l193.8:c90.9;267.7:142.0:a36:l171.5:c33.1;567.7:25.1:a12:l207.2:c70.0;251.4:145.3:a24:l172.5:c31.4;667.3:127.8:a16:l151.5:c33.3;255.0:156.2:a13:l168.7:c29.8",multiple compact point candidates
DOD_111689090,174,173,4,150.1,363.2,77,173.0,36.3,"150.1:363.2:a77:l173.0:c36.3;143.5:353.5:a62:l168.4:c35.0;239.6:314.9:a11:l178.9:c110.7;567.5:25.0:a12:l193.1:c96.6",multiple compact point candidates
DOD_111689090,175,174,1,567.6,24.9,11,189.3,94.5,567.6:24.9:a11:l189.3:c94.5,single compact point candidate
DOD_111689090,176,175,1,239.9,314.9,14,183.7,120.8,239.9:314.9:a14:l183.7:c120.8,single compact point candidate
DOD_111689090,177,176,1,239.4,314.9,11,168.4,107.4,239.4:314.9:a11:l168.4:c107.4,single compact point candidate
DOD_111689090,178,177,4,239.8,314.8,17,198.7,95.7,"239.8:314.8:a17:l198.7:c95.7;568.0:25.0:a15:l188.4:c43.9;820.8:196.6:a14:l158.3:c30.6;805.3:26.4:a7:l183.0:c27.2",multiple compact point candidates
DOD_111689090,179,178,13,239.6,314.7,17,190.5,82.7,"239.6:314.7:a17:l190.5:c82.7;737.7:133.5:a28:l153.5:c30.0;567.1:25.1:a14:l211.7:c50.8;750.8:117.1:a19:l161.3:c28.5;753.6:148.6:a17:l166.7:c30.5;137.2:44.4:a9:l173.0:c27.3;644.1:41.1:a7:l191.5:c27.6;785.4:165.7:a7:l170.9:c27.3;120.2:52.6:a5:l171.2:c27.8;758.3:144.3:a4:l163.9:c29.7;651.5:32.5:a4:l194.5:c27.7;747.5:145.0:a2:l154.4:c30.4;155.0:42.5:a2:l179.5:c28.4",multiple compact point candidates
DOD_111689090,180,179,8,239.9,314.9,16,201.1,98.6,"239.9:314.9:a16:l201.1:c98.6;744.0:107.6:a28:l154.7:c30.7;730.4:113.2:a12:l150.2:c29.5;436.1:148.1:a8:l158.4:c30.5;587.0:30.5:a6:l185.5:c32.1;27.0:57.5:a6:l181.0:c27.7;835.0:120.8:a4:l178.3:c28.5;44.5:161.0:a2:l152.5:c27.5",multiple compact point candidates
DOD_111689090,181,180,7,239.9,314.5,19,186.8,86.1,"239.9:314.5:a19:l186.8:c86.1;720.9:105.3:a23:l150.6:c29.0;485.7:34.4:a7:l169.4:c27.8;859.0:148.5:a6:l173.7:c29.2;135.5:88.5:a4:l154.3:c27.4;651.3:44.3:a3:l174.7:c28.5;775.0:53.0:a3:l176.0:c27.4",multiple compact point candidates
DOD_111689090,182,181,7,239.8,314.7,16,191.9,102.7,"239.8:314.7:a16:l191.9:c102.7;720.8:107.9:a14:l151.4:c30.2;721.8:81.3:a11:l154.2:c32.1;907.0:37.7:a7:l188.9:c27.5;727.5:78.0:a6:l161.8:c28.7;734.0:29.5:a6:l181.2:c28.5;908.0:89.0:a3:l184.3:c28.2",multiple compact point candidates
DOD_111689090,183,182,12,239.9,315.0,17,198.2,89.8,"239.9:315.0:a17:l198.2:c89.8;699.5:76.0:a38:l161.2:c33.0;722.0:79.1:a42:l154.2:c28.6;712.0:68.2:a22:l160.2:c34.0;567.5:25.0:a12:l208.1:c61.4;892.5:301.0:a6:l164.2:c28.0;536.8:141.4:a5:l161.8:c28.6;892.5:104.5:a4:l189.7:c28.9;841.5:260.5:a4:l166.0:c27.7;867.3:301.0:a4:l163.5:c27.3;711.0:94.0:a3:l151.2:c27.7;494.0:224.5:a2:l150.3:c30.3",multiple compact point candidates
DOD_111689090,184,183,8,239.9,314.9,18,192.4,86.5,"239.9:314.9:a18:l192.4:c86.5;858.0:472.4:a11:l154.1:c47.5;690.0:71.0:a9:l156.1:c32.1;713.2:56.3:a6:l172.0:c28.5;715.3:69.8:a6:l166.5:c27.7;697.4:56.2:a5:l158.7:c29.8;351.8:360.4:a5:l153.0:c28.7;690.5:59.0:a2:l161.6:c27.5",multiple compact point candidates
DOD_111689090,185,184,11,687.7,43.2,33,172.8,32.1,"687.7:43.2:a33:l172.8:c32.1;676.3:60.9:a34:l167.8:c29.8;691.0:71.6:a13:l173.3:c30.2;102.9:62.1:a10:l168.9:c29.7;898.9:288.1:a8:l168.4:c30.4;409.0:386.5:a6:l151.4:c31.8;927.5:267.5:a6:l175.1:c27.2;280.8:118.6:a5:l163.8:c28.9;288.8:114.4:a5:l163.2:c27.9;864.4:246.8:a5:l172.6:c27.1;679.0:49.5:a2:l165.7:c29.7",multiple compact point candidates
DOD_111689090,186,185,7,239.9,314.8,17,200.8,104.3,"239.9:314.8:a17:l200.8:c104.3;664.0:43.6:a30:l161.4:c31.4;675.7:33.2:a24:l168.5:c33.0;687.9:48.5:a17:l164.6:c28.0;675.1:60.8:a13:l165.1:c29.7;685.5:36.0:a4:l171.7:c28.9;668.5:34.0:a2:l166.9:c27.7",multiple compact point candidates
DOD_111689090,187,186,3,239.8,314.8,15,203.3,106.0,"239.8:314.8:a15:l203.3:c106.0;648.8:32.7:a19:l160.0:c28.0;671.0:43.5:a2:l169.3:c29.9",multiple compact point candidates
DOD_111689090,188,187,9,239.8,314.8,18,195.7,90.3,"239.8:314.8:a18:l195.7:c90.3;633.8:26.8:a18:l153.2:c27.9;487.3:214.6:a12:l151.7:c32.0;515.4:322.7:a9:l155.3:c41.8;641.5:40.5:a12:l165.1:c31.2;72.3:102.5:a6:l160.4:c31.6;902.0:154.5:a6:l177.3:c27.8;930.0:165.8:a4:l176.7:c27.0;653.7:38.3:a3:l167.4:c29.9",multiple compact point candidates
DOD_111689090,189,188,6,239.4,314.6,19,189.2,92.9,"239.4:314.6:a19:l189.2:c92.9;567.5:25.3:a14:l201.9:c53.4;628.4:30.9:a14:l161.2:c27.7;443.0:78.5:a6:l162.8:c28.4;620.6:24.8:a5:l160.7:c30.2;919.0:432.5:a2:l151.9:c29.7",multiple compact point candidates
DOD_111689090,190,189,1,239.8,314.8,18,198.2,104.3,239.8:314.8:a18:l198.2:c104.3,single compact point candidate
DOD_111689090,191,190,2,239.9,314.9,14,200.5,99.1,"239.9:314.9:a14:l200.5:c99.1;567.7:25.1:a14:l200.5:c60.5",multiple compact point candidates
DOD_111689090,192,191,2,240.2,314.7,19,194.6,64.5,"240.2:314.7:a19:l194.6:c64.5;567.5:25.0:a12:l220.9:c49.2",multiple compact point candidates
DOD_111689090,193,192,4,240.0,315.0,17,208.4,73.3,"240.0:315.0:a17:l208.4:c73.3;691.5:172.5:a4:l164.4:c27.3;767.0:240.5:a2:l153.4:c28.1;477.0:284.5:a2:l154.7:c27.8",multiple compact point candidates
DOD_111689090,194,193,1,239.9,314.7,23,201.2,64.3,239.9:314.7:a23:l201.2:c64.3,single compact point candidate
DOD_111689090,195,194,1,240.1,314.9,17,208.9,66.8,240.1:314.9:a17:l208.9:c66.8,single compact point candidate
DOD_111689090,196,195,2,239.8,314.6,24,191.1,65.3,"239.8:314.6:a24:l191.1:c65.3;567.3:25.0:a13:l205.8:c47.9",multiple compact point candidates
DOD_111689090,197,196,1,239.6,314.7,17,195.9,102.0,239.6:314.7:a17:l195.9:c102.0,single compact point candidate
DOD_111689090,198,197,2,239.8,314.8,15,190.8,104.3,"239.8:314.8:a15:l190.8:c104.3;567.5:25.2:a13:l179.5:c47.4",multiple compact point candidates
DOD_111689090,199,198,1,239.7,314.6,19,199.9,71.9,239.7:314.6:a19:l199.9:c71.9,single compact point candidate
DOD_111689090,200,199,2,239.4,314.9,23,182.3,63.8,"239.4:314.9:a23:l182.3:c63.8;567.5:24.0:a2:l189.9:c28.3",multiple compact point candidates
DOD_111689090,201,200,3,107.6,103.7,67,179.2,30.6,"107.6:103.7:a67:l179.2:c30.6;239.6:314.7:a17:l188.7:c91.5;58.6:95.1:a22:l170.0:c29.5",multiple compact point candidates
DOD_111689090,202,201,3,104.5,119.3,67,179.1,29.4,"104.5:119.3:a67:l179.1:c29.4;239.7:314.6:a18:l190.9:c92.0;89.6:126.4:a19:l173.1:c27.3",multiple compact point candidates
DOD_111689090,203,202,1,239.8,314.7,16,189.2,94.4,239.8:314.7:a16:l189.2:c94.4,single compact point candidate
DOD_111689090,204,203,1,239.8,314.7,16,190.8,91.6,239.8:314.7:a16:l190.8:c91.6,single compact point candidate
DOD_111689090,205,204,1,567.5,24.3,6,187.9,29.7,567.5:24.3:a6:l187.9:c29.7,single compact point candidate
DOD_111689090,206,205,0,,,,,,,no compact neutral bright point candidates
DOD_111689090,207,206,0,,,,,,,no compact neutral bright point candidates
DOD_111689090,208,207,0,,,,,,,no compact neutral bright point candidates
DOD_111689090,209,208,0,,,,,,,no compact neutral bright point candidates
DOD_111689090,210,209,1,239.5,314.8,10,170.1,106.7,239.5:314.8:a10:l170.1:c106.7,single compact point candidate
DOD_111689090,211,210,2,239.6,314.7,22,185.2,71.2,"239.6:314.7:a22:l185.2:c71.2;259.5:322.0:a4:l155.8:c38.4",multiple compact point candidates
DOD_111689090,212,211,2,239.8,314.7,16,185.7,83.7,"239.8:314.7:a16:l185.7:c83.7;566.7:24.7:a3:l182.0:c28.4",multiple compact point candidates
DOD_111689090,213,212,1,239.6,314.9,11,179.1,103.9,239.6:314.9:a11:l179.1:c103.9,single compact point candidate
DOD_111689090,214,213,1,239.5,315.0,12,175.7,105.9,239.5:315.0:a12:l175.7:c105.9,single compact point candidate
DOD_111689090,215,214,1,239.7,315.0,13,184.7,110.2,239.7:315.0:a13:l184.7:c110.2,single compact point candidate
DOD_111689090,216,215,1,239.6,314.9,14,190.5,106.6,239.6:314.9:a14:l190.5:c106.6,single compact point candidate
DOD_111689090,217,216,1,239.5,314.8,13,192.1,116.7,239.5:314.8:a13:l192.1:c116.7,single compact point candidate
DOD_111689090,218,217,0,,,,,,,no compact neutral bright point candidates
DOD_111689090,219,218,1,239.8,314.8,15,189.5,108.9,239.8:314.8:a15:l189.5:c108.9,single compact point candidate
DOD_111689090,220,219,2,239.5,314.7,14,183.5,103.6,"239.5:314.7:a14:l183.5:c103.6;567.5:25.2:a13:l190.3:c64.6",multiple compact point candidates
DOD_111689090,221,220,2,239.8,314.7,16,184.8,92.4,"239.8:314.7:a16:l184.8:c92.4;567.5:25.2:a13:l197.4:c66.7",multiple compact point candidates
DOD_111689090,222,221,2,239.7,314.6,18,190.8,80.7,"239.7:314.6:a18:l190.8:c80.7;567.5:25.3:a14:l206.3:c56.4",multiple compact point candidates
DOD_111689090,223,222,1,239.6,314.7,17,194.0,98.6,239.6:314.7:a17:l194.0:c98.6,single compact point candidate
DOD_111689090,224,223,1,239.6,314.7,17,193.8,98.6,239.6:314.7:a17:l193.8:c98.6,single compact point candidate
DOD_111689090,225,224,2,239.6,314.7,17,192.2,95.0,"239.6:314.7:a17:l192.2:c95.0;280.0:57.5:a6:l152.2:c32.0",multiple compact point candidates
DOD_111689090,226,225,1,239.8,314.5,18,196.6,96.9,239.8:314.5:a18:l196.6:c96.9,single compact point candidate
DOD_111689090,227,226,1,567.5,25.3,14,182.4,47.1,567.5:25.3:a14:l182.4:c47.1,single compact point candidate
DOD_111689090,228,227,2,239.8,314.8,15,192.1,97.4,"239.8:314.8:a15:l192.1:c97.4;567.5:25.2:a13:l201.9:c61.9",multiple compact point candidates
DOD_111689090,229,228,2,239.5,315.1,17,189.4,95.1,"239.5:315.1:a17:l189.4:c95.1;567.4:24.9:a11:l202.6:c63.9",multiple compact point candidates
DOD_111689090,230,229,2,239.8,314.9,16,191.6,96.0,"239.8:314.9:a16:l191.6:c96.0;567.5:25.0:a12:l201.4:c60.6",multiple compact point candidates
DOD_111689090,231,230,1,567.5,25.3,14,192.2,66.4,567.5:25.3:a14:l192.2:c66.4,single compact point candidate
DOD_111689090,232,231,1,239.6,314.7,17,193.1,98.2,239.6:314.7:a17:l193.1:c98.2,single compact point candidate
DOD_111689090,233,232,2,239.8,314.8,18,193.2,98.5,"239.8:314.8:a18:l193.2:c98.5;567.7:25.1:a14:l204.4:c59.9",multiple compact point candidates
DOD_111689090,234,233,1,567.5,25.3,14,210.4,67.2,567.5:25.3:a14:l210.4:c67.2,single compact point candidate
DOD_111689090,235,234,2,239.6,314.7,17,192.2,95.0,"239.6:314.7:a17:l192.2:c95.0;567.5:25.3:a14:l206.4:c66.3",multiple compact point candidates
DOD_111689090,236,235,6,239.6,314.7,17,191.7,93.5,"239.6:314.7:a17:l191.7:c93.5;767.1:52.4:a14:l158.9:c64.1;567.5:25.2:a13:l206.1:c64.1;769.5:64.8:a13:l153.2:c43.0;760.0:73.0:a9:l150.6:c34.2;775.8:60.2:a6:l156.9:c32.3",multiple compact point candidates
DOD_111689090,237,236,4,239.8,314.8,18,194.2,79.2,"239.8:314.8:a18:l194.2:c79.2;567.5:25.3:a14:l206.6:c64.7;174.7:100.3:a3:l157.0:c54.1;864.0:24.5:a2:l178.7:c29.1",multiple compact point candidates
DOD_111689090,238,237,1,239.8,314.8,15,196.6,98.7,239.8:314.8:a15:l196.6:c98.7,single compact point candidate
DOD_111689090,239,238,1,239.8,314.7,16,197.3,101.2,239.8:314.7:a16:l197.3:c101.2,single compact point candidate
DOD_111689090,240,239,2,239.6,314.7,17,192.8,94.2,"239.6:314.7:a17:l192.8:c94.2;567.8:25.2:a16:l195.5:c59.3",multiple compact point candidates
DOD_111689090,241,240,1,239.6,315.0,20,191.4,70.7,239.6:315.0:a20:l191.4:c70.7,single compact point candidate
DOD_111689090,242,241,3,239.6,314.8,23,181.3,60.2,"239.6:314.8:a23:l181.3:c60.2;153.7:74.9:a26:l200.7:c28.7;155.8:80.3:a12:l199.1:c28.5",multiple compact point candidates
DOD_111689090,243,242,2,239.4,314.9,20,188.2,68.7,"239.4:314.9:a20:l188.2:c68.7;181.0:435.0:a15:l150.4:c36.4",multiple compact point candidates
DOD_111689090,244,243,2,239.5,315.0,12,195.4,101.2,"239.5:315.0:a12:l195.4:c101.2;567.5:24.8:a10:l171.1:c38.1",multiple compact point candidates
DOD_111689090,245,244,2,239.8,314.8,15,190.9,101.0,"239.8:314.8:a15:l190.9:c101.0;567.5:25.0:a12:l174.7:c48.0",multiple compact point candidates
DOD_111689090,246,245,2,239.8,314.8,15,193.0,106.5,"239.8:314.8:a15:l193.0:c106.5;567.7:25.0:a13:l173.1:c46.1",multiple compact point candidates
DOD_111689090,247,246,2,239.6,314.8,12,187.4,116.4,"239.6:314.8:a12:l187.4:c116.4;567.5:25.3:a14:l186.8:c65.2",multiple compact point candidates
DOD_111689090,248,247,1,239.8,314.8,18,191.5,94.9,239.8:314.8:a18:l191.5:c94.9,single compact point candidate
DOD_111689090,249,248,2,154.9,144.0,58,172.7,41.0,"154.9:144.0:a58:l172.7:c41.0;239.6:314.7:a17:l186.2:c89.9",multiple compact point candidates
DOD_111689090,250,249,2,160.3,146.6,73,175.3,42.3,"160.3:146.6:a73:l175.3:c42.3;239.8:314.8:a18:l192.8:c95.2",multiple compact point candidates
DOD_111689090,251,250,2,239.8,314.8,18,186.9,87.5,"239.8:314.8:a18:l186.9:c87.5;439.6:144.2:a23:l160.8:c48.9",multiple compact point candidates
DOD_111689090,252,251,0,,,,,,,no compact neutral bright point candidates
DOD_111689090,253,252,1,240.1,315.0,22,197.8,93.3,240.1:315.0:a22:l197.8:c93.3,single compact point candidate
DOD_111689090,254,253,0,,,,,,,no compact neutral bright point candidates
DOD_111689090,255,254,1,240.3,314.9,26,196.5,74.4,240.3:314.9:a26:l196.5:c74.4,single compact point candidate
DOD_111689090,256,255,0,,,,,,,no compact neutral bright point candidates
DOD_111689090,257,256,1,722.1,314.9,20,189.0,93.9,722.1:314.9:a20:l189.0:c93.9,single compact point candidate
DOD_111689090,258,257,0,,,,,,,no compact neutral bright point candidates
DOD_111689090,259,258,2,402.8,388.4,26,162.5,103.1,"402.8:388.4:a26:l162.5:c103.1;396.5:394.5:a4:l156.0:c95.5",multiple compact point candidates
DOD_111689090,260,259,6,133.0,372.4,19,157.6,93.4,"133.0:372.4:a19:l157.6:c93.4;117.3:374.5:a19:l163.4:c90.6;133.3:383.5:a15:l160.9:c98.9;118.0:370.0:a7:l158.9:c95.6;118.0:386.0:a7:l158.7:c94.0;115.6:381.4:a8:l153.5:c80.9",multiple compact point candidates
DOD_111689090,261,260,1,394.7,25.3,3,153.2,82.9,394.7:25.3:a3:l153.2:c82.9,single compact point candidate
DOD_111689090,262,261,0,,,,,,,no compact neutral bright point candidates
DOD_111689090,263,262,2,567.7,25.3,15,188.5,46.0,"567.7:25.3:a15:l188.5:c46.0;415.3:277.4:a7:l150.0:c43.4",multiple compact point candidates
DOD_111689090,264,263,2,412.5,276.6,24,154.0,46.1,"412.5:276.6:a24:l154.0:c46.1;567.8:25.2:a16:l204.5:c62.8",multiple compact point candidates
DOD_111689090,265,264,2,409.6,277.2,26,154.2,48.3,"409.6:277.2:a26:l154.2:c48.3;567.2:25.2:a11:l186.4:c45.6",multiple compact point candidates
DOD_111689090,266,265,2,230.5,200.2,21,157.9,56.9,"230.5:200.2:a21:l157.9:c56.9;567.8:25.2:a16:l200.9:c64.4",multiple compact point candidates
DOD_111689090,267,266,1,567.5,25.2,13,202.8,60.0,567.5:25.2:a13:l202.8:c60.0,single compact point candidate
DOD_111689090,268,267,1,567.8,25.2,16,197.3,61.1,567.8:25.2:a16:l197.3:c61.1,single compact point candidate
DOD_111689090,269,268,1,567.5,25.2,13,185.7,71.9,567.5:25.2:a13:l185.7:c71.9,single compact point candidate
DOD_111689090,270,269,0,,,,,,,no compact neutral bright point candidates
DOD_111689090,271,270,0,,,,,,,no compact neutral bright point candidates
DOD_111689090,272,271,1,567.5,25.0,12,204.6,67.5,567.5:25.0:a12:l204.6:c67.5,single compact point candidate
DOD_111689090,273,272,1,567.5,25.3,14,207.9,66.5,567.5:25.3:a14:l207.9:c66.5,single compact point candidate
DOD_111689090,274,273,0,,,,,,,no compact neutral bright point candidates
DOD_111689090,275,274,0,,,,,,,no compact neutral bright point candidates
DOD_111689090,276,275,1,567.5,25.3,16,199.1,56.5,567.5:25.3:a16:l199.1:c56.5,single compact point candidate
DOD_111689090,277,276,0,,,,,,,no compact neutral bright point candidates
DOD_111689090,278,277,1,408.4,197.4,13,155.5,38.9,408.4:197.4:a13:l155.5:c38.9,single compact point candidate
DOD_111689090,279,278,0,,,,,,,no compact neutral bright point candidates
DOD_111689090,280,279,0,,,,,,,no compact neutral bright point candidates
DOD_111689090,281,280,0,,,,,,,no compact neutral bright point candidates
DOD_111689090,282,281,0,,,,,,,no compact neutral bright point candidates
DOD_111689090,283,282,0,,,,,,,no compact neutral bright point candidates
DOD_111689090,284,283,0,,,,,,,no compact neutral bright point candidates
DOD_111689090,285,284,0,,,,,,,no compact neutral bright point candidates
DOD_111689090,286,285,0,,,,,,,no compact neutral bright point candidates
DOD_111689090,287,286,0,,,,,,,no compact neutral bright point candidates
DOD_111689090,288,287,0,,,,,,,no compact neutral bright point candidates
DOD_111689090,289,288,0,,,,,,,no compact neutral bright point candidates
DOD_111689090,290,289,0,,,,,,,no compact neutral bright point candidates
DOD_111689090,291,290,1,567.8,25.2,16,201.5,62.9,567.8:25.2:a16:l201.5:c62.9,single compact point candidate
DOD_111689090,292,291,0,,,,,,,no compact neutral bright point candidates
DOD_111689090,293,292,0,,,,,,,no compact neutral bright point candidates

